,precision,recall,f1-score,support
apple leaf,0.64,0.8,0.7111111111111111,20.0
apple rust leaf,0.8928571428571429,0.78125,0.8333333333333334,32.0
apple scab leaf,0.7878787878787878,0.8125,0.8,32.0
bell pepper leaf,0.6,0.75,0.6666666666666666,8.0
bell pepper leaf spot,0.4444444444444444,0.4444444444444444,0.4444444444444444,9.0
blueberry leaf,0.875,0.6363636363636364,0.7368421052631579,11.0
cherry leaf,0.75,0.3,0.42857142857142855,10.0
corn gray leaf spot,0.5,0.4666666666666667,0.4827586206896552,15.0
corn leaf,1.0,0.9090909090909091,0.9523809523809523,11.0
corn leaf blight,0.6363636363636364,0.6086956521739131,0.6222222222222222,23.0
corn rust leaf,0.8076923076923077,1.0,0.8936170212765957,21.0
grape leaf,0.8571428571428571,1.0,0.9230769230769231,12.0
grape leaf black rot,0.8888888888888888,1.0,0.9411764705882353,8.0
peach leaf,0.7777777777777778,0.7777777777777778,0.7777777777777778,9.0
potato leaf blight,0.3076923076923077,0.36363636363636365,0.3333333333333333,11.0
potato leaf early blight,0.23529411764705882,0.5,0.32,8.0
potato leaf late blight,0.17647058823529413,0.375,0.24,8.0
potato leafroll virus,1.0,0.6363636363636364,0.7777777777777778,11.0
raspberry leaf,0.7777777777777778,1.0,0.875,7.0
soyabean leaf,0.625,0.625,0.625,8.0
squash powdery mildew leaf,0.5,0.8333333333333334,0.625,6.0
strawberry leaf,1.0,1.0,1.0,8.0
tomato leaf,0.5,0.21052631578947367,0.2962962962962963,19.0
tomato leaf bacterial spot,0.375,0.3,0.3333333333333333,20.0
tomato leaf early blight,0.5263157894736842,0.5,0.5128205128205128,20.0
tomato leaf late blight,0.5,0.14285714285714285,0.2222222222222222,21.0
tomato leaf mosaic virus,0.4,0.2,0.26666666666666666,10.0
tomato leaf powdery mildew,0.42857142857142855,0.2727272727272727,0.3333333333333333,11.0
tomato leaf yellow virus,0.625,0.8333333333333334,0.7142857142857143,6.0
tomato mold leaf,0.5909090909090909,0.7647058823529411,0.6666666666666666,17.0
tomato septoria leaf spot,0.42424242424242425,0.6363636363636364,0.509090909090909,22.0
accuracy,0.619815668202765,0.619815668202765,0.619815668202765,0.619815668202765
macro avg,0.6274296570191905,0.6284076130088542,0.6085421239751377,434.0
weighted avg,0.6359351247395005,0.619815668202765,0.6095925097831602,434.0
