{
    "Apple Leaf": 1.3600663716814159,
    "Apple Rust Leaf": 0.7801395939086294,
    "Apple Scab leaf": 0.8088815789473685,
    "Corn Gray Leaf Spot": 1.1642992424242424,
    "Corn Leaf": 2.4788306451612905,
    "Corn Leaf Blight": 0.595687984496124,
    "Corn Rust Leaf": 0.8262768817204301,
    "Potato Leaf Blight": 0.5843631178707225,
    "Potato Leafroll Virus": 4.0444078947368425,
    "Tomato Leaf": 1.463690476190476,
    "Tomato Leaf Bacterial Spot": 0.9428680981595092,
    "Tomato Leaf Early Blight": 0.9665880503144654,
    "Tomato Leaf Late Blight": 0.9202844311377245,
    "Tomato Leaf Powdery Mildew": 2.4788306451612905,
    "Tomato Mold Leaf": 1.0314597315436242,
    "Tomato Septoria Leaf Spot": 0.7148255813953488
}