{
    "apple leaf": 0.9814444761632886,
    "apple rust leaf": 0.5629605370885868,
    "apple scab leaf": 0.5837011884550085,
    "bell pepper leaf": 2.0925136944613514,
    "bell pepper leaf spot": 1.7887617065556711,
    "blueberry leaf": 1.0462568472306757,
    "cherry leaf": 2.359643102264928,
    "corn gray leaf spot": 0.8401759530791789,
    "corn leaf": 1.7887617065556711,
    "corn leaf blight": 0.4298574643660915,
    "corn rust leaf": 0.5962539021852237,
    "grape leaf": 1.9456706281833616,
    "grape leaf black rot": 1.9804147465437787,
    "peach leaf": 1.0767303476354526,
    "potato leaf blight": 1.9456706281833616,
    "potato leaf early blight": 1.0174607872151524,
    "potato leaf late blight": 1.1433322248087796,
    "potato leafroll virus": 2.9185059422750426,
    "raspberry leaf": 0.9902073732718893,
    "soyabean leaf": 1.9456706281833616,
    "squash powdery mildew leaf": 0.8943808532778356,
    "strawberry leaf": 1.2602639296187683,
    "tomato leaf": 1.056221198156682,
    "tomato leaf bacterial spot": 0.6803878883831387,
    "tomato leaf early blight": 0.6975045648204504,
    "tomato leaf late blight": 0.6640911724937222,
    "tomato leaf mosaic virus": 2.5205278592375366,
    "tomato leaf powdery mildew": 1.7887617065556711,
    "tomato leaf yellow virus": 1.584331797235023,
    "tomato mold leaf": 0.7443169517211518,
    "tomato septoria leaf spot": 0.5158289572393099
}