,precision,recall,f1-score,support
Apple Leaf,0.875,0.7,0.7777777777777778,20.0
Apple Rust Leaf,0.8275862068965517,0.75,0.7868852459016393,32.0
Apple Scab leaf,0.7368421052631579,0.875,0.8,32.0
Corn Gray Leaf Spot,0.42857142857142855,0.4,0.41379310344827586,15.0
Corn Leaf,0.6428571428571429,0.8181818181818182,0.72,11.0
Corn Leaf Blight,0.5652173913043478,0.5652173913043478,0.5652173913043478,23.0
Corn Rust Leaf,0.7692307692307693,0.9523809523809523,0.851063829787234,21.0
Potato Leaf Blight,0.7727272727272727,0.6296296296296297,0.6938775510204082,27.0
Potato Leafroll Virus,0.5384615384615384,0.6363636363636364,0.5833333333333334,11.0
Tomato Leaf,0.631578947368421,0.631578947368421,0.631578947368421,19.0
Tomato Leaf Bacterial Spot,0.3939393939393939,0.65,0.49056603773584906,20.0
Tomato Leaf Early Blight,0.5294117647058824,0.45,0.4864864864864865,20.0
Tomato Leaf Late Blight,0.6666666666666666,0.47619047619047616,0.5555555555555556,21.0
Tomato Leaf Powdery Mildew,0.875,0.6363636363636364,0.7368421052631579,11.0
Tomato Mold Leaf,0.6428571428571429,0.5294117647058824,0.5806451612903226,17.0
Tomato Septoria Leaf Spot,0.6666666666666666,0.6363636363636364,0.6511627906976745,22.0
accuracy,0.6583850931677019,0.6583850931677019,0.6583850931677019,0.6583850931677019
macro avg,0.660163402344774,0.6460426180532772,0.6452990823106552,322.0
weighted avg,0.6729488406764402,0.6583850931677019,0.6583727030812863,322.0
